Workbook

Sheet Pivot
A3: Row Labels | B3: Sum of FY21 BOM | C3: Sum of FY22 BOM | F3: Material | G3: Description | H3: FY21 Usage | I3: FY22 Fcst
A4: 11309 | B4: 366.4 | C4: 1683 | F4: 11309 | G4: =VLOOKUP(F4,Master!$C$2:$E$1657,3,FALSE) -> Tergitol L-62 | H4: 366.4 | I4: 1683
A5: 11525 | B5: 831.31441 | C5: 636.3411 | F5: 11525 | G5: =VLOOKUP(F5,Master!$C$2:$E$1657,3,FALSE) -> ACID, BENZOIC, FMU, NON-CFR | H5: 831.31441 | I5: 636.3411
A6: 11694 | B6: 1179.2894 | C6: 22378.156 | F6: 11694 | G6: =VLOOKUP(F6,Master!$C$2:$E$1657,3,FALSE) -> ACID, CITRIC, USP, ANHYDROUS, POWDER | H6: 1179.2894 | I6: 22378.156
A7: 11907 | B7: 107385.96 | C7: 4112290.4 | F7: 11907 | G7: =VLOOKUP(F7,Master!$C$2:$E$1657,3,FALSE) -> PROPYLENE GLYCOL, BULK | H7: 107385.96 | I7: 4112290.4
A8: 12430 | B8: 293.11783 | C8: 454.48852 | F8: 12430 | G8: =VLOOKUP(F8,Master!$C$2:$E$1657,3,FALSE) -> ACID, PHOSPHORIC, NF | H8: 293.11783 | I8: 454.48852
A9: 12470 | B9: 145.35644 | C9: 12.113112 | F9: 12470 | G9: =VLOOKUP(F9,Master!$C$2:$E$1657,3,FALSE) -> ACID, PROPIONIC (NOT NF) | H9: 145.35644 | I9: 12.113112
A10: 12602 | B10: 73.302254 | C10: 0.46303016 | F10: 12602 | G10: =VLOOKUP(F10,Master!$C$2:$E$1657,3,FALSE) -> ACID, SULFURIC, 66 FOOD CHEMIC ALS CODEX | H10: 73.302254 | I10: 0.46303016
A11: 14340 | B11: 0 | C11: 0 | F11: 14340 | G11: =VLOOKUP(F11,Master!$C$2:$E$1657,3,FALSE) -> AMMONIUM PHOSPH, DIBASIC W/ TRICALC PH | H11: 0 | I11: 0
A12: 15633 | B12: 11210.4 | C12: 11846.625 | F12: 15633 | G12: =VLOOKUP(F12,Master!$C$2:$E$1657,3,FALSE) -> LIGNOSULFONATE CALCIUM (NORLIG 11 DA) | H12: 11210.4 | I12: 11846.625
A13: 18105 | B13: 86783.418 | C13: 86533.337 | F13: 18105 | G13: =VLOOKUP(F13,Master!$C$2:$E$1657,3,FALSE) -> SODIUM SULFATE | H13: 86783.418 | I13: 86533.337
A14: 20744 | B14: 0 | C14: 0 | F14: 20744 | G14: =VLOOKUP(F14,Master!$C$2:$E$1657,3,FALSE) -> CLAY, AIR-FLOATED, S CAROLINA KAOLIN | H14: 0 | I14: 0
A15: 20746 | B15: 352.78909 | C15: 308.39444 | F15: 20746 | G15: =VLOOKUP(F15,Master!$C$2:$E$1657,3,FALSE) -> CLAY, MMT, (BENTONE-38) | H15: 352.78909 | I15: 308.39444
... A62: A570292 | B62: 650.208 | C62: 873.196 | F62: A570292 | G62: =VLOOKUP(F62,Master!$C$2:$E$1657,3,FALSE) -> T-DET A 25-7 SURFACTANT | H62: 650.208 | I62: 873.196
A63: (blank) | C63: #N/A
A64: Grand Total | B64: 782340.64 | C64: #N/A

Sheet Master
A1: Material | B1: Material description | C1: Component | D1: Component Unit | E1: Description | F1: Header Unit | G1: Quantity | H1: Base quantity | I1: MRP Controller | J1: ASM Level | K1: FY21 Usage | L1: FY22 Fcst | M1: FY21 BOM | N1: FY22 BOM
A2: 025710701 | B2: PROMALIN 10 X 500 ML | C2: 11694 | D2: KG | E2: ACID, CITRIC, USP, ANHYDROUS, POWDER | F2: EA | G2: 2.605 | H2: 1000 | I2: 300 | J2: 2 | K2: =VLOOKUP(A2,[1]Sheet1!$A$2:$C$284,3,FALSE) -> 40 | L2: =VLOOKUP(A2,[2]Sheet1!$A$115:$F$749,6,FALSE) -> 0 | M2: =(G2*K2)/H2 -> 0.1042 | N2: =(L2*G2)/H2 -> 0
A3: 025710701 | B3: PROMALIN 10 X 500 ML | C3: 11907 | D3: KG | E3: PROPYLENE GLYCOL, BULK | F3: EA | G3: 499.223 | H3: 1000 | I3: 303 | J3: 2 | K3: =VLOOKUP(A3,[1]Sheet1!$A$2:$C$284,3,FALSE) -> 40 | L3: =VLOOKUP(A3,[2]Sheet1!$A$115:$F$749,6,FALSE) -> 0 | M3: =(G3*K3)/H3 -> 19.96892 | N3: =(L3*G3)/H3 -> 0
A4: 025710702 | B4: PROMALIN 1 X 200 LTR | C4: 11694 | D4: KG | E4: ACID, CITRIC, USP, ANHYDROUS, POWDER | F4: EA | G4: 1042 | H4: 1000 | I4: 300 | J4: 2 | K4: =VLOOKUP(A4,[1]Sheet1!$A$2:$C$284,3,FALSE) -> 18 | L4: =VLOOKUP(A4,[2]Sheet1!$A$115:$F$749,6,FALSE) -> 20010 | M4: =(G4*K4)/H4 -> 18.756 | N4: =(L4*G4)/H4 -> 20850.42
A5: 025710702 | B5: PROMALIN 1 X 200 LTR | C5: 11907 | D5: KG | E5: PROPYLENE GLYCOL, BULK | F5: EA | G5: 199688.88 | H5: 1000 | I5: 303 | J5: 2 | K5: =VLOOKUP(A5,[1]Sheet1!$A$2:$C$284,3,FALSE) -> 18 | L5: =VLOOKUP(A5,[2]Sheet1!$A$115:$F$749,6,FALSE) -> 20010 | M5: =(G5*K5)/H5 -> 3594.3998 | N5: =(L5*G5)/H5 -> 3995774.5
A6: 025711501 | B6: PROMALIN 10 X 500 ML | C6: 11694 | D6: KG | E6: ACID, CITRIC, USP, ANHYDROUS, POWDER | F6: EA | G6: 2.605 | H6: 1000 | I6: 300 | J6: 2 | K6: =VLOOKUP(A6,[1]Sheet1!$A$2:$C$284,3,FALSE) -> 2500 | L6: =VLOOKUP(A6,[2]Sheet1!$A$115:$F$749,6,FALSE) -> 500 | M6: =(G6*K6)/H6 -> 6.5125 | N6: =(L6*G6)/H6 -> 1.3025
A7: 025711501 | B7: PROMALIN 10 X 500 ML | C7: 11907 | D7: KG | E7: PROPYLENE GLYCOL, BULK | F7: EA | G7: 499.223 | H7: 1000 | I7: 303 | J7: 2 | K7: =VLOOKUP(A7,[1]Sheet1!$A$2:$C$284,3,FALSE) -> 2500 | L7: =VLOOKUP(A7,[2]Sheet1!$A$115:$F$749,6,FALSE) -> 500 | M7: =(G7*K7)/H7 -> 1248.0575 | N7: =(L7*G7)/H7 -> 249.6115
A8: 025711901 | B8: Promalin 10 X 500 ML | C8: 11694 | D8: KG | E8: ACID, CITRIC, USP, ANHYDROUS, POWDER | F8: EA | G8: 2.605 | H8: 1000 | I8: 300 | J8: 2 | K8: =VLOOKUP(A8,[1]Sheet1!$A$2:$C$284,3,FALSE) -> 2500 | L8: =VLOOKUP(A8,[2]Sheet1!$A$115:$F$749,6,FALSE) -> 800 | M8: =(G8*K8)/H8 -> 6.5125 | N8: =(L8*G8)/H8 -> 2.084
A9: 025711901 | B9: Promalin 10 X 500 ML | C9: 11907 | D9: KG | E9: PROPYLENE GLYCOL, BULK | F9: EA | G9: 499.223 | H9: 1000 | I9: 303 | J9: 2 | K9: =VLOOKUP(A9,[1]Sheet1!$A$2:$C$284,3,FALSE) -> 2500 | L9: =VLOOKUP(A9,[2]Sheet1!$A$115:$F$749,6,FALSE) -> 800 | M9: =(G9*K9)/H9 -> 1248.0575 | N9: =(L9*G9)/H9 -> 399.3784
A10: 025712001 | B10: PROMALIN 2 X 5 LT | C10: 11694 | D10: KG | E10: ACID, CITRIC, USP, ANHYDROUS, POWDER | F10: EA | G10: 26.05 | H10: 1000 | I10: 300 | J10: 2 | K10: =VLOOKUP(A10,[1]Sheet1!$A$2:$C$284,3,FALSE) -> 2000 | L10: =VLOOKUP(A10,[2]Sheet1!$A$115:$F$749,6,FALSE) -> 2100 | M10: =(G10*K10)/H10 -> 52.1 | N10: =(L10*G10)/H10 -> 54.705
A11: 025712001 | B11: PROMALIN 2 X 5 LT | C11: 11907 | D11: KG | E11: PROPYLENE GLYCOL, BULK | F11: EA | G11: 4992.222 | H11: 1000 | I11: 303 | J11: 2 | K11: =VLOOKUP(A11,[1]Sheet1!$A$2:$C$284,3,FALSE) -> 2000 | L11: =VLOOKUP(A11,[2]Sheet1!$A$115:$F$749,6,FALSE) -> 2100 | M11: =(G11*K11)/H11 -> 9984.444 | N11: =(L11*G11)/H11 -> 10483.666
A12: 025712003 | B12: PROMALIN 10 X 1 LT | C12: 11694 | D12: KG | E12: ACID, CITRIC, USP, ANHYDROUS, POWDER | F12: EA | G12: 5.21 | H12: 1000 | I12: 300 | J12: 2 | K12: =VLOOKUP(A12,[1]Sheet1!$A$2:$C$284,3,FALSE) -> 1300 | L12: =VLOOKUP(A12,[2]Sheet1!$A$115:$F$749,6,FALSE) -> 1300 | M12: =(G12*K12)/H12 -> 6.773 | N12: =(L12*G12)/H12 -> 6.773
A13: 025712003 | B13: PROMALIN 10 X 1 LT | C13: 11907 | D13: KG | E13: PROPYLENE GLYCOL, BULK | F13: EA | G13: 998.445 | H13: 1000 | I13: 303 | J13: 2 | K13: =VLOOKUP(A13,[1]Sheet1!$A$2:$C$284,3,FALSE) -> 1300 | L13: =VLOOKUP(A13,[2]Sheet1!$A$115:$F$749,6,FALSE) -> 1300 | M13: =(G13*K13)/H13 -> 1297.9785 | N13: =(L13*G13)/H13 -> 1297.9785
... A50: 051089401 | B50: VECTOBAC G 1 X 18.1 KG | C50: 63356 | D50: KG | E50: SILICON DIOXIDE (ZEOFREE 80) ( NOT NF) | F50: EA | G50: 0.035 | H50: 1000 | I50: 300 | J50: 3 | K50: =VLOOKUP(A50,[1]Sheet1!$A$2:$C$284,3,FALSE) -> 5143 | L50: =VLOOKUP(A50,[2]Sheet1!$A$115:$F$749,6,FALSE) -> 200 | M50: =(G50*K50)/H50 -> 0.180005 | N50: =(L50*G50)/H50 -> 0.007
A51: 051886901 | B51: Bactospeine PM 1 X 10 KG | C51: 63359 | D51: KG | E51: SILICON DIOXIDE,NOT NF,HYDRATE HI-SIL233 | F51: EA | G51: 250 | H51: 1000 | I51: 300 | J51: 2 | K51: 0 | L51: =VLOOKUP(A51,[2]Sheet1!$A$115:$F$749,6,FALSE) -> 0 | M51: =(G51*K51)/H51 -> 0 | N51: =(L51*G51)/H51 -> 0
A52: 051886901 | B52: Bactospeine PM 1 X 10 KG | C52: 70289 | D52: KG | E52: SURFACTANT, SURFYNOL - 485, NO N-CFR | F52: EA | G52: 199.98 | H52: 1000 | I52: 300 | J52: 2 | K52: 0 | L52: =VLOOKUP(A52,[2]Sheet1!$A$115:$F$749,6,FALSE) -> 0 | M52: =(G52*K52)/H52 -> 0 | N52: =(L52*G52)/H52 -> 0
A53: 051886901 | B53: Bactospeine PM 1 X 10 KG | C53: 20749 | D53: KG | E53: CLAY, WATER-WASHED, SPRAY-DRIED KAOLIN | F53: EA | G53: 6508.89 | H53: 1000 | I53: 300 | J53: 2 | K53: 0 | L53: =VLOOKUP(A53,[2]Sheet1!$A$115:$F$749,6,FALSE) -> 0 | M53: =(G53*K53)/H53 -> 0 | N53: =(L53*G53)/H53 -> 0
A54: 051886901 | B54: Bactospeine PM 1 X 10 KG | C54: 77425 | D54: KG | E54: SIPERNAT®807A (SODIUM ALUMINOSILICATE) | F54: EA | G54: 24.831 | H54: 1000 | I54: 300 | J54: 4 | K54: 0 | L54: =VLOOKUP(A54,[2]Sheet1!$A$115:$F$749,6,FALSE) -> 0 | M54: =(G54*K54)/H54 -> 0 | N54: =(L54*G54)/H54 -> 0
A55: 052080703 | B55: PROGIBB PLUS 1 X 25 KG | C55: 66741 | D55: KG | E55: SIPERNAT®807 SODIUM 00-9 ALUMINOSILICATE | F55: EA | G55: 1875 | H55: 1000 | I55: 300 | J55: 2 | K55: =VLOOKUP(A55,[1]Sheet1!$A$2:$C$284,3,FALSE) -> 0 | L55: =VLOOKUP(A55,[2]Sheet1!$A$115:$F$749,6,FALSE) -> 0 | M55: =(G55*K55)/H55 -> 0 | N55: =(L55*G55)/H55 -> 0
A56: 052080703 | B56: PROGIBB PLUS 1 X 25 KG | C56: 20744 | D56: KG | E56: CLAY, AIR-FLOATED, S CAROLINA KAOLIN | F56: EA | G56: 1875 | H56: 1000 | I56: 300 | J56: 2 | K56: =VLOOKUP(A56,[1]Sheet1!$A$2:$C$284,3,FALSE) -> 0 | L56: =VLOOKUP(A56,[2]Sheet1!$A$115:$F$749,6,FALSE) -> 0 | M56: =(G56*K56)/H56 -> 0 | N56: =(L56*G56)/H56 -> 0
A57: 052080703 | B57: PROGIBB PLUS 1 X 25 KG | C57: 14340 | D57: KG | E57: AMMONIUM PHOSPH, DIBASIC W/ TRICALC PH | F57: EA | G57: 18450 | H57: 1000 | I57: 300 | J57: 2 | K57: =VLOOKUP(A57,[1]Sheet1!$A$2:$C$284,3,FALSE) -> 0 | L57: =VLOOKUP(A57,[2]Sheet1!$A$115:$F$749,6,FALSE) -> 0 | M57: =(G57*K57)/H57 -> 0 | N57: =(L57*G57)/H57 -> 0
A58: 052081901 | B58: PROGIBB PLUS 20 X 100 GM | C58: 66741 | D58: KG | E58: SIPERNAT®807 SODIUM 00-9 ALUMINOSILICATE | F58: EA | G58: 7.5 | H58: 1000 | I58: 300 | J58: 2 | K58: =VLOOKUP(A58,[1]Sheet1!$A$2:$C$284,3,FALSE) -> 0 | L58: =VLOOKUP(A58,[2]Sheet1!$A$115:$F$749,6,FALSE) -> 0 | M58: =(G58*K58)/H58 -> 0 | N58: =(L58*G58)/H58 -> 0
A59: 052081901 | B59: PROGIBB PLUS 20 X 100 GM | C59: 20744 | D59: KG | E59: CLAY, AIR-FLOATED, S CAROLINA KAOLIN | F59: EA | G59: 7.5 | H59: 1000 | I59: 300 | J59: 2 | K59: =VLOOKUP(A59,[1]Sheet1!$A$2:$C$284,3,FALSE) -> 0 | L59: =VLOOKUP(A59,[2]Sheet1!$A$115:$F$749,6,FALSE) -> 0 | M59: =(G59*K59)/H59 -> 0 | N59: =(L59*G59)/H59 -> 0
A60: 052081901 | B60: PROGIBB PLUS 20 X 100 GM | C60: 14340 | D60: KG | E60: AMMONIUM PHOSPH, DIBASIC W/ TRICALC PH | F60: EA | G60: 73.8 | H60: 1000 | I60: 300 | J60: 2 | K60: =VLOOKUP(A60,[1]Sheet1!$A$2:$C$284,3,FALSE) -> 0 | L60: =VLOOKUP(A60,[2]Sheet1!$A$115:$F$749,6,FALSE) -> 0 | M60: =(G60*K60)/H60 -> 0 | N60: =(L60*G60)/H60 -> 0
A61: 052090702 | B61: DIPEL 2X 1 X 10 KG | C61: 77425 | D61: KG | E61: SIPERNAT®807A (SODIUM ALUMINOSILICATE) | F61: EA | G61: 46.915 | H61: 1000 | I61: 300 | J61: 4 | K61: =VLOOKUP(A61,[1]Sheet1!$A$2:$C$284,3,FALSE) -> 120 | L61: =VLOOKUP(A61,[2]Sheet1!$A$115:$F$749,6,FALSE) -> 0 | M61: =(G61*K61)/H61 -> 5.6298 | N61: =(L61*G61)/H61 -> 0
A62: 052090702 | B62: DIPEL 2X 1 X 10 KG | C62: 63359 | D62: KG | E62: SILICON DIOXIDE,NOT NF,HYDRATE HI-SIL233 | F62: EA | G62: 250 | H62: 1000 | I62: 300 | J62: 2 | K62: =VLOOKUP(A62,[1]Sheet1!$A$2:$C$284,3,FALSE) -> 120 | L62: =VLOOKUP(A62,[2]Sheet1!$A$115:$F$749,6,FALSE) -> 0 | M62: =(G62*K62)/H62 -> 30 | N62: =(L62*G62)/H62 -> 0
A63: 052090702 | B63: DIPEL 2X 1 X 10 KG | C63: 65785 | D63: KG | E63: SODIUM LIGNOSULFONATE (MARASPE RSE B-22) | F63: EA | G63: 1000 | H63: 1000 | I63: 300 | J63: 2 | K63: =VLOOKUP(A63,[1]Sheet1!$A$2:$C$284,3,FALSE) -> 120 | L63: =VLOOKUP(A63,[2]Sheet1!$A$115:$F$749,6,FALSE) -> 0 | M63: =(G63*K63)/H63 -> 120 | N63: =(L63*G63)/H63 -> 0
A64: 052090702 | B64: DIPEL 2X 1 X 10 KG | C64: 69662 | D64: KG | E64: LACTOSE (SUGAR OF MILK), CRUDE | F64: EA | G64: 2500 | H64: 1000 | I64: 300 | J64: 2 | K64: =VLOOKUP(A64,[1]Sheet1!$A$2:$C$284,3,FALSE) -> 120 | L64: =VLOOKUP(A64,[2]Sheet1!$A$115:$F$749,6,FALSE) -> 0 | M64: =(G64*K64)/H64 -> 300 | N64: =(L64*G64)/H64 -> 0
A65: 052090702 | B65: DIPEL 2X 1 X 10 KG | C65: 11309 | D65: KG | E65: Tergitol L-62 | F65: EA | G65: 200 | H65: 1000 | I65: 300 | J65: 2 | K65: =VLOOKUP(A65,[1]Sheet1!$A$2:$C$284,3,FALSE) -> 120 | L65: =VLOOKUP(A65,[2]Sheet1!$A$115:$F$749,6,FALSE) -> 0 | M65: =(G65*K65)/H65 -> 24 | N65: =(L65*G65)/H65 -> 0
A66: 052090704 | B66: DIPEL 2X 12 X 0.5 KG | C66: 77425 | D66: KG | E66: SIPERNAT®807A (SODIUM ALUMINOSILICATE) | F66: EA | G66: 2.346 | H66: 1000 | I66: 300 | J66: 4 | K66: 0 | L66: =VLOOKUP(A66,[2]Sheet1!$A$115:$F$749,6,FALSE) -> 0 | M66: =(G66*K66)/H66 -> 0 | N66: =(L66*G66)/H66 -> 0
A67: 052090704 | B67: DIPEL 2X 12 X 0.5 KG | C67: 63359 | D67: KG | E67: SILICON DIOXIDE,NOT NF,HYDRATE HI-SIL233 | F67: EA | G67: 12.5 | H67: 1000 | I67: 300 | J67: 2 | K67: 0 | L67: =VLOOKUP(A67,[2]Sheet1!$A$115:$F$749,6,FALSE) -> 0 | M67: =(G67*K67)/H67 -> 0 | N67: =(L67*G67)/H67 -> 0
A68: 052090704 | B68: DIPEL 2X 12 X 0.5 KG | C68: 65785 | D68: KG | E68: SODIUM LIGNOSULFONATE (MARASPE RSE B-22) | F68: EA | G68: 50 | H68: 1000 | I68: 300 | J68: 2 | K68: 0 | L68: =VLOOKUP(A68,[2]Sheet1!$A$115:$F$749,6,FALSE) -> 0 | M68: =(G68*K68)/H68 -> 0 | N68: =(L68*G68)/H68 -> 0
A69: 052090704 | B69: DIPEL 2X 12 X 0.5 KG | C69: 69662 | D69: KG | E69: LACTOSE (SUGAR OF MILK), CRUDE | F69: EA | G69: 125 | H69: 1000 | I69: 300 | J69: 2 | K69: 0 | L69: =VLOOKUP(A69,[2]Sheet1!$A$115:$F$749,6,FALSE) -> 0 | M69: =(G69*K69)/H69 -> 0 | N69: =(L69*G69)/H69 -> 0
A70: 052090704 | B70: DIPEL 2X 12 X 0.5 KG | C70: 11309 | D70: KG | E70: Tergitol L-62 | F70: EA | G70: 10 | H70: 1000 | I70: 300 | J70: 2 | K70: 0 | L70: =VLOOKUP(A70,[2]Sheet1!$A$115:$F$749,6,FALSE) -> 0 | M70: =(G70*K70)/H70 -> 0 | N70: =(L70*G70)/H70 -> 0
A71: 052091702 | B71: DIPEL 2X 12 X 0.5 KG | C71: 77425 | D71: KG | E71: SIPERNAT®807A (SODIUM ALUMINOSILICATE) | F71: EA | G71: 2.346 | H71: 1000 | I71: 300 | J71: 4 | K71: =VLOOKUP(A71,[1]Sheet1!$A$2:$C$284,3,FALSE) -> 0 | L71: =VLOOKUP(A71,[2]Sheet1!$A$115:$F$749,6,FALSE) -> 0 | M71: =(G71*K71)/H71 -> 0 | N71: =(L71*G71)/H71 -> 0
A72: 052091702 | B72: DIPEL 2X 12 X 0.5 KG | C72: 63359 | D72: KG | E72: SILICON DIOXIDE,NOT NF,HYDRATE HI-SIL233 | F72: EA | G72: 12.5 | H72: 1000 | I72: 300 | J72: 2 | K72: =VLOOKUP(A72,[1]Sheet1!$A$2:$C$284,3,FALSE) -> 0 | L72: =VLOOKUP(A72,[2]Sheet1!$A$115:$F$749,6,FALSE) -> 0 | M72: =(G72*K72)/H72 -> 0 | N72: =(L72*G72)/H72 -> 0
A73: 052091702 | B73: DIPEL 2X 12 X 0.5 KG | C73: 65785 | D73: KG | E73: SODIUM LIGNOSULFONATE (MARASPE RSE B-22) | F73: EA | G73: 50 | H73: 1000 | I73: 300 | J73: 2 | K73: =VLOOKUP(A73,[1]Sheet1!$A$2:$C$284,3,FALSE) -> 0 | L73: =VLOOKUP(A73,[2]Sheet1!$A$115:$F$749,6,FALSE) -> 0 | M73: =(G73*K73)/H73 -> 0 | N73: =(L73*G73)/H73 -> 0
A74: 052091702 | B74: DIPEL 2X 12 X 0.5 KG | C74: 69662 | D74: KG | E74: LACTOSE (SUGAR OF MILK), CRUDE | F74: EA | G74: 125 | H74: 1000 | I74: 300 | J74: 2 | K74: =VLOOKUP(A74,[1]Sheet1!$A$2:$C$284,3,FALSE) -> 0 | L74: =VLOOKUP(A74,[2]Sheet1!$A$115:$F$749,6,FALSE) -> 0 | M74: =(G74*K74)/H74 -> 0 | N74: =(L74*G74)/H74 -> 0
A75: 052091702 | B75: DIPEL 2X 12 X 0.5 KG | C75: 11309 | D75: KG | E75: Tergitol L-62 | F75: EA | G75: 10 | H75: 1000 | I75: 300 | J75: 2 | K75: =VLOOKUP(A75,[1]Sheet1!$A$2:$C$284,3,FALSE) -> 0 | L75: =VLOOKUP(A75,[2]Sheet1!$A$115:$F$749,6,FALSE) -> 0 | M75: =(G75*K75)/H75 -> 0 | N75: =(L75*G75)/H75 -> 0
A76: 052093001 | B76: GEODA 10 X 1 KG | C76: 77425 | D76: KG | E76: SIPERNAT®807A (SODIUM ALUMINOSILICATE) | F76: EA | G76: 4.692 | H76: 1000 | I76: 300 | J76: 4 | K76: =VLOOKUP(A76,[1]Sheet1!$A$2:$C$284,3,FALSE) -> 7200 | L76: =VLOOKUP(A76,[2]Sheet1!$A$115:$F$749,6,FALSE) -> 10000 | M76: =(G76*K76)/H76 -> 33.7824 | N76: =(L76*G76)/H76 -> 46.92
A77: 052093001 | B77: GEODA 10 X 1 KG | C77: 63359 | D77: KG | E77: SILICON DIOXIDE,NOT NF,HYDRATE HI-SIL233 | F77: EA | G77: 25 | H77: 1000 | I77: 300 | J77: 2 | K77: =VLOOKUP(A77,[1]Sheet1!$A$2:$C$284,3,FALSE) -> 7200 | L77: =VLOOKUP(A77,[2]Sheet1!$A$115:$F$749,6,FALSE) -> 10000 | M77: =(G77*K77)/H77 -> 180 | N77: =(L77*G77)/H77 -> 250
A78: 052093001 | B78: GEODA 10 X 1 KG | C78: 65785 | D78: KG | E78: SODIUM LIGNOSULFONATE (MARASPE RSE B-22) | F78: EA | G78: 100 | H78: 1000 | I78: 300 | J78: 2 | K78: =VLOOKUP(A78,[1]Sheet1!$A$2:$C$284,3,FALSE) -> 7200 | L78: =VLOOKUP(A78,[2]Sheet1!$A$115:$F$749,6,FALSE) -> 10000 | M78: =(G78*K78)/H78 -> 720 | N78: =(L78*G78)/H78 -> 1000
A79: 052093001 | B79: GEODA 10 X 1 KG | C79: 69662 | D79: KG | E79: LACTOSE (SUGAR OF MILK), CRUDE | F79: EA | G79: 250 | H79: 1000 | I79: 300 | J79: 2 | K79: =VLOOKUP(A79,[1]Sheet1!$A$2:$C$284,3,FALSE) -> 7200 | L79: =VLOOKUP(A79,[2]Sheet1!$A$115:$F$749,6,FALSE) -> 10000 | M79: =(G79*K79)/H79 -> 1800 | N79: =(L79*G79)/H79 -> 2500
A80: 052093001 | B80: GEODA 10 X 1 KG | C80: 11309 | D80: KG | E80: Tergitol L-62 | F80: EA | G80: 20 | H80: 1000 | I80: 300 | J80: 2 | K80: =VLOOKUP(A80,[1]Sheet1!$A$2:$C$284,3,FALSE) -> 7200 | L80: =VLOOKUP(A80,[2]Sheet1!$A$115:$F$749,6,FALSE) -> 10000 | M80: =(G80*K80)/H80 -> 144 | N80: =(L80*G80)/H80 -> 200
A81: 052096001 | B81: DIPEL 2X 12 X 0.5 KG | C81: 77425 | D81: KG | E81: SIPERNAT®807A (SODIUM ALUMINOSILICATE) | F81: EA | G81: 2.346 | H81: 1000 | I81: 300 | J81: 4 | K81: =VLOOKUP(A81,[1]Sheet1!$A$2:$C$284,3,FALSE) -> 0 | L81: =VLOOKUP(A81,[2]Sheet1!$A$115:$F$749,6,FALSE) -> 0 | M81: =(G81*K81)/H81 -> 0 | N81: =(L81*G81)/H81 -> 0
A82: 052096001 | B82: DIPEL 2X 12 X 0.5 KG | C82: 63359 | D82: KG | E82: SILICON DIOXIDE,NOT NF,HYDRATE HI-SIL233 | F82: EA | G82: 12.5 | H82: 1000 | I82: 300 | J82: 2 | K82: =VLOOKUP(A82,[1]Sheet1!$A$2:$C$284,3,FALSE) -> 0 | L82: =VLOOKUP(A82,[2]Sheet1!$A$115:$F$749,6,FALSE) -> 0 | M82: =(G82*K82)/H82 -> 0 | N82: =(L82*G82)/H82 -> 0
... A96: 052630702 | B96: DIPEL 8L 2 X 10 LT | C96: 77425 | D96: KG | E96: SIPERNAT®807A (SODIUM ALUMINOSILICATE) | F96: EA | G96: 11.545 | H96: 1000 | I96: 300 | J96: 4 | K96: =VLOOKUP(A96,[1]Sheet1!$A$2:$C$284,3,FALSE) -> 0 | L96: =VLOOKUP(A96,[2]Sheet1!$A$115:$F$749,6,FALSE) -> 0 | M96: =(G96*K96)/H96 -> 0 | N96: =(L96*G96)/H96 -> 0
A97: 052630704 | B97: DIPEL 8L 1 X 1000 LT | C97: 57337 | D97: KG | E97: POLYOXYETHYLENE ESTERS (ATPLUS 300F-A) | F97: EA | G97: 46278.675 | H97: 1000 | I97: 303 | J97: 2 | K97: 0 | L97: =VLOOKUP(A97,[2]Sheet1!$A$115:$F$749,6,FALSE) -> 0 | M97: =(G97*K97)/H97 -> 0 | N97: =(L97*G97)/H97 -> 0
A98: 052630704 | B98: DIPEL 8L 1 X 1000 LT | C98: 57616 | D98: KG | E98: POLYSORBATE 20, NOT NF | F98: EA | G98: 4629.625 | H98: 1000 | I98: 300 | J98: 2 | K98: 0 | L98: =VLOOKUP(A98,[2]Sheet1!$A$115:$F$749,6,FALSE) -> 0 | M98: =(G98*K98)/H98 -> 0 | N98: =(L98*G98)/H98 -> 0
A99: 052630704 | B99: DIPEL 8L 1 X 1000 LT | C99: 51375 | D99: KG | E99: SPRAY OIL 10 | F99: EA | G99: 626132.5 | H99: 1000 | I99: 303 | J99: 2 | K99: 0 | L99: =VLOOKUP(A99,[2]Sheet1!$A$115:$F$749,6,FALSE) -> 0 | M99: =(G99*K99)/H99 -> 0 | N99: =(L99*G99)/H99 -> 0
A100: 052630704 | B100: DIPEL 8L 1 X 1000 LT | C100: 20746 | D100: KG | E100: CLAY, MMT, (BENTONE-38) | F100: EA | G100: 14798.15 | H100: 1000 | I100: 300 | J100: 2 | K100: 0 | L100: =VLOOKUP(A100,[2]Sheet1!$A$115:$F$749,6,FALSE) -> 0 | M100: =(G100*K100)/H100 -> 0 | N100: =(L100*G100)/H100 -> 0
A101: 052630704 | B101: DIPEL 8L 1 X 1000 LT | C101: 77425 | D101: KG | E101: SIPERNAT®807A (SODIUM ALUMINOSILICATE) | F101: EA | G101: 701.796 | H101: 1000 | I101: 300 | J101: 4 | K101: 0 | L101: =VLOOKUP(A101,[2]Sheet1!$A$115:$F$749,6,FALSE) -> 0 | M101: =(G101*K101)/H101 -> 0 | N101: =(L101*G101)/H101 -> 0
A102: 052630704 | B102: DIPEL 8L 1 X 1000 LT | C102: 77425 | D102: KG | E102: SIPERNAT®807A (SODIUM ALUMINOSILICATE) | F102: EA | G102: 1154.427 | H102: 1000 | I102: 300 | J102: 4 | K102: 0 | L102: =VLOOKUP(A102,[2]Sheet1!$A$115:$F$749,6,FALSE) -> 0 | M102: =(G102*K102)/H102 -> 0 | N102: =(L102*G102)/H102 -> 0
A103: 052630707 | B103: DIPEL 8L 2 X 10 LT BTAG | C103: 57337 | D103: KG | E103: POLYOXYETHYLENE ESTERS (ATPLUS 300F-A) | F103: EA | G103: 462.787 | H103: 1000 | I103: 303 | J103: 2 | K103: 0 | L103: =VLOOKUP(A103,[2]Sheet1!$A$115:$F$749,6,FALSE) -> 0 | M103: =(G103*K103)/H103 -> 0 | N103: =(L103*G103)/H103 -> 0
A104: 052630707 | B104: DIPEL 8L 2 X 10 LT BTAG | C104: 57616 | D104: KG | E104: POLYSORBATE 20, NOT NF | F104: EA | G104: 46.297 | H104: 1000 | I104: 300 | J104: 2 | K104: 0 | L104: =VLOOKUP(A104,[2]Sheet1!$A$115:$F$749,6,FALSE) -> 0 | M104: =(G104*K104)/H104 -> 0 | N104: =(L104*G104)/H104 -> 0
A105: 052630707 | B105: DIPEL 8L 2 X 10 LT BTAG | C105: 51375 | D105: KG | E105: SPRAY OIL 10 | F105: EA | G105: 6261.325 | H105: 1000 | I105: 303 | J105: 2 | K105: 0 | L105: =VLOOKUP(A105,[2]Sheet1!$A$115:$F$749,6,FALSE) -> 0 | M105: =(G105*K105)/H105 -> 0 | N105: =(L105*G105)/H105 -> 0
A106: 052630707 | B106: DIPEL 8L 2 X 10 LT BTAG | C106: 20746 | D106: KG | E106: CLAY, MMT, (BENTONE-38) | F106: EA | G106: 147.982 | H106: 1000 | I106: 300 | J106: 2 | K106: 0 | L106: =VLOOKUP(A106,[2]Sheet1!$A$115:$F$749,6,FALSE) -> 0 | M106: =(G106*K106)/H106 -> 0 | N106: =(L106*G106)/H106 -> 0
A107: 052630707 | B107: DIPEL 8L 2 X 10 LT BTAG | C107: 77425 | D107: KG | E107: SIPERNAT®807A (SODIUM ALUMINOSILICATE) | F107: EA | G107: 7.018 | H107: 1000 | I107: 300 | J107: 4 | K107: 0 | L107: =VLOOKUP(A107,[2]Sheet1!$A$115:$F$749,6,FALSE) -> 0 | M107: =(G107*K107)/H107 -> 0 | N107: =(L107*G107)/H107 -> 0
A108: 052630707 | B108: DIPEL 8L 2 X 10 LT BTAG | C108: 77425 | D108: KG | E108: SIPERNAT®807A (SODIUM ALUMINOSILICATE) | F108: EA | G108: 11.545 | H108: 1000 | I108: 300 | J108: 4 | K108: 0 | L108: =VLOOKUP(A108,[2]Sheet1!$A$115:$F$749,6,FALSE) -> 0 | M108: =(G108*K108)/H108 -> 0 | N108: =(L108*G108)/H108 -> 0
A109: 052630708 | B109: DIPEL ES 1 X 1000 LT | C109: 57337 | D109: KG | E109: POLYOXYETHYLENE ESTERS (ATPLUS 300F-A) | F109: EA | G109: 46278.675 | H109: 1000 | I109: 303 | J109: 2 | K109: =VLOOKUP(A109,[1]Sheet1!$A$2:$C$284,3,FALSE) -> 0 | L109: =VLOOKUP(A109,[2]Sheet1!$A$115:$F$749,6,FALSE) -> 1 | M109: =(G109*K109)/H109 -> 0 | N109: =(L109*G109)/H109 -> 46.278675
A110: 052630708 | B110: DIPEL ES 1 X 1000 LT | C110: 57616 | D110: KG | E110: POLYSORBATE 20, NOT NF | F110: EA | G110: 4629.625 | H110: 1000 | I110: 300 | J110: 2 | K110: =VLOOKUP(A110,[1]Sheet1!$A$2:$C$284,3,FALSE) -> 0 | L110: =VLOOKUP(A110,[2]Sheet1!$A$115:$F$749,6,FALSE) -> 1 | M110: =(G110*K110)/H110 -> 0 | N110: =(L110*G110)/H110 -> 4.629625
A111: 052630708 | B111: DIPEL ES 1 X 1000 LT | C111: 51375 | D111: KG | E111: SPRAY OIL 10 | F111: EA | G111: 626132.5 | H111: 1000 | I111: 303 | J111: 2 | K111: =VLOOKUP(A111,[1]Sheet1!$A$2:$C$284,3,FALSE) -> 0 | L111: =VLOOKUP(A111,[2]Sheet1!$A$115:$F$749,6,FALSE) -> 1 | M111: =(G111*K111)/H111 -> 0 | N111: =(L111*G111)/H111 -> 626.1325
A112: 052630708 | B112: DIPEL ES 1 X 1000 LT | C112: 20746 | D112: KG | E112: CLAY, MMT, (BENTONE-38) | F112: EA | G112: 14798.15 | H112: 1000 | I112: 300 | J112: 2 | K112: =VLOOKUP(A112,[1]Sheet1!$A$2:$C$284,3,FALSE) -> 0 | L112: =VLOOKUP(A112,[2]Sheet1!$A$115:$F$749,6,FALSE) -> 1 | M112: =(G112*K112)/H112 -> 0 | N112: =(L112*G112)/H112 -> 14.79815
A113: 052630708 | B113: DIPEL ES 1 X 1000 LT | C113: 77425 | D113: KG | E113: SIPERNAT®807A (SODIUM ALUMINOSILICATE) | F113: EA | G113: 701.796 | H113: 1000 | I113: 300 | J113: 4 | K113: =VLOOKUP(A113,[1]Sheet1!$A$2:$C$284,3,FALSE) -> 0 | L113: =VLOOKUP(A113,[2]Sheet1!$A$115:$F$749,6,FALSE) -> 1 | M113: =(G113*K113)/H113 -> 0 | N113: =(L113*G113)/H113 -> 0.701796
A114: 052630708 | B114: DIPEL ES 1 X 1000 LT | C114: 77425 | D114: KG | E114: SIPERNAT®807A (SODIUM ALUMINOSILICATE) | F114: EA | G114: 1154.427 | H114: 1000 | I114: 300 | J114: 4 | K114: =VLOOKUP(A114,[1]Sheet1!$A$2:$C$284,3,FALSE) -> 0 | L114: =VLOOKUP(A114,[2]Sheet1!$A$115:$F$749,6,FALSE) -> 1 | M114: =(G114*K114)/H114 -> 0 | N114: =(L114*G114)/H114 -> 1.154427
A115: 052633601 | B115: DIPEL ES 2 X 10 LT | C115: 57337 | D115: KG | E115: POLYOXYETHYLENE ESTERS (ATPLUS 300F-A) | F115: EA | G115: 462.787 | H115: 1000 | I115: 303 | J115: 2 | K115: =VLOOKUP(A115,[1]Sheet1!$A$2:$C$284,3,FALSE) -> 0 | L115: =VLOOKUP(A115,[2]Sheet1!$A$115:$F$749,6,FALSE) -> 0 | M115: =(G115*K115)/H115 -> 0 | N115: =(L115*G115)/H115 -> 0
A116: 052633601 | B116: DIPEL ES 2 X 10 LT | C116: 57616 | D116: KG | E116: POLYSORBATE 20, NOT NF | F116: EA | G116: 46.297 | H116: 1000 | I116: 300 | J116: 2 | K116: =VLOOKUP(A116,[1]Sheet1!$A$2:$C$284,3,FALSE) -> 0 | L116: =VLOOKUP(A116,[2]Sheet1!$A$115:$F$749,6,FALSE) -> 0 | M116: =(G116*K116)/H116 -> 0 | N116: =(L116*G116)/H116 -> 0
A117: 052633601 | B117: DIPEL ES 2 X 10 LT | C117: 51375 | D117: KG | E117: SPRAY OIL 10 | F117: EA | G117: 6261.325 | H117: 1000 | I117: 303 | J117: 2 | K117: =VLOOKUP(A117,[1]Sheet1!$A$2:$C$284,3,FALSE) -> 0 | L117: =VLOOKUP(A117,[2]Sheet1!$A$115:$F$749,6,FALSE) -> 0 | M117: =(G117*K117)/H117 -> 0 | N117: =(L117*G117)/H117 -> 0
A118: 052633601 | B118: DIPEL ES 2 X 10 LT | C118: 20746 | D118: KG | E118: CLAY, MMT, (BENTONE-38) | F118: EA | G118: 147.982 | H118: 1000 | I118: 300 | J118: 2 | K118: =VLOOKUP(A118,[1]Sheet1!$A$2:$C$284,3,FALSE) -> 0 | L118: =VLOOKUP(A118,[2]Sheet1!$A$115:$F$749,6,FALSE) -> 0 | M118: =(G118*K118)/H118 -> 0 | N118: =(L118*G118)/H118 -> 0
A119: 052633601 | B119: DIPEL ES 2 X 10 LT | C119: 77425 | D119: KG | E119: SIPERNAT®807A (SODIUM ALUMINOSILICATE) | F119: EA | G119: 7.018 | H119: 1000 | I119: 300 | J119: 4 | K119: =VLOOKUP(A119,[1]Sheet1!$A$2:$C$284,3,FALSE) -> 0 | L119: =VLOOKUP(A119,[2]Sheet1!$A$115:$F$749,6,FALSE) -> 0 | M119: =(G119*K119)/H119 -> 0 | N119: =(L119*G119)/H119 -> 0
A120: 052633601 | B120: DIPEL ES 2 X 10 LT | C120: 77425 | D120: KG | E120: SIPERNAT®807A (SODIUM ALUMINOSILICATE) | F120: EA | G120: 11.545 | H120: 1000 | I120: 300 | J120: 4 | K120: =VLOOKUP(A120,[1]Sheet1!$A$2:$C$284,3,FALSE) -> 0 | L120: =VLOOKUP(A120,[2]Sheet1!$A$115:$F$749,6,FALSE) -> 0 | M120: =(G120*K120)/H120 -> 0 | N120: =(L120*G120)/H120 -> 0
... A240: 056106501 | B240: Regulex 10SG 20 X 100 GM | C240: 57616 | D240: KG | E240: POLYSORBATE 20, NOT NF | F240: EA | G240: 2.05 | H240: 1000 | I240: 300 | J240: 3 | K240: =VLOOKUP(A240,[1]Sheet1!$A$2:$C$284,3,FALSE) -> 0 | L240: =VLOOKUP(A240,[2]Sheet1!$A$115:$F$749,6,FALSE) -> 2000 | M240: =(G240*K240)/H240 -> 0 | N240: =(L240*G240)/H240 -> 4.1
A241: 056200701 | B241: VECTOBAC TECHNICAL POWDER 1 X 25 LB | C241: 63356 | D241: KG | E241: SILICON DIOXIDE (ZEOFREE 80) ( NOT NF) | F241: EA | G241: 90.231 | H241: 1000 | I241: 300 | J241: 3 | K241: 0 | L241: =VLOOKUP(A241,[2]Sheet1!$A$115:$F$749,6,FALSE) -> 0 | M241: =(G241*K241)/H241 -> 0 | N241: =(L241*G241)/H241 -> 0
A242: 057101601 | B242: PROTONE 20SG 4 X 1 KG | C242: 45105 | D242: KG | E242: BRIJO20 POLYOXYLENE OLEYL ETHE | F242: EA | G242: 10 | H242: 1000 | I242: 300 | J242: 2 | K242: =VLOOKUP(A242,[1]Sheet1!$A$2:$C$284,3,FALSE) -> 0 | L242: =VLOOKUP(A242,[2]Sheet1!$A$115:$F$749,6,FALSE) -> 480 | M242: =(G242*K242)/H242 -> 0 | N242: =(L242*G242)/H242 -> 4.8
A243: 057101601 | B243: PROTONE 20SG 4 X 1 KG | C243: 36052 | D243: KG | E243: MALTODEXTRIN, MALTRIN M100, NO N-CFR | F243: EA | G243: 40 | H243: 1000 | I243: 303 | J243: 2 | K243: =VLOOKUP(A243,[1]Sheet1!$A$2:$C$284,3,FALSE) -> 0 | L243: =VLOOKUP(A243,[2]Sheet1!$A$115:$F$749,6,FALSE) -> 480 | M243: =(G243*K243)/H243 -> 0 | N243: =(L243*G243)/H243 -> 19.2
A244: 057101601 | B244: PROTONE 20SG 4 X 1 KG | C244: 72910 | D244: KG | E244: AEROSOL OT-B SODIUM DIOCTYL | F244: EA | G244: 10 | H244: 1000 | I244: 300 | J244: 2 | K244: =VLOOKUP(A244,[1]Sheet1!$A$2:$C$284,3,FALSE) -> 0 | L244: =VLOOKUP(A244,[2]Sheet1!$A$115:$F$749,6,FALSE) -> 480 | M244: =(G244*K244)/H244 -> 0 | N244: =(L244*G244)/H244 -> 4.8
A245: 057101601 | B245: PROTONE 20SG 4 X 1 KG | C245: 11694 | D245: KG | E245: ACID, CITRIC, USP, ANHYDROUS, POWDER | F245: EA | G245: 20 | H245: 1000 | I245: 300 | J245: 2 | K245: =VLOOKUP(A245,[1]Sheet1!$A$2:$C$284,3,FALSE) -> 0 | L245: =VLOOKUP(A245,[2]Sheet1!$A$115:$F$749,6,FALSE) -> 480 | M245: =(G245*K245)/H245 -> 0 | N245: =(L245*G245)/H245 -> 9.6
A246: 057101601 | B246: PROTONE 20SG 4 X 1 KG | C246: 28887 | D246: KG | E246: LACTOSE 25 KG BAG | F246: EA | G246: 709.5 | H246: 1000 | I246: 300 | J246: 2 | K246: =VLOOKUP(A246,[1]Sheet1!$A$2:$C$284,3,FALSE) -> 0 | L246: =VLOOKUP(A246,[2]Sheet1!$A$115:$F$749,6,FALSE) -> 480 | M246: =(G246*K246)/H246 -> 0 | N246: =(L246*G246)/H246 -> 340.56
A247: 057102001 | B247: PROTONE SG 4 X 1 KG | C247: 45105 | D247: KG | E247: BRIJO20 POLYOXYLENE OLEYL ETHE | F247: EA | G247: 10 | H247: 1000 | I247: 300 | J247: 2 | K247: =VLOOKUP(A247,[1]Sheet1!$A$2:$C$284,3,FALSE) -> 4000 | L247: =VLOOKUP(A247,[2]Sheet1!$A$115:$F$749,6,FALSE) -> 3500 | M247: =(G247*K247)/H247 -> 40 | N247: =(L247*G247)/H247 -> 35
A248: 057102001 | B248: PROTONE SG 4 X 1 KG | C248: 36052 | D248: KG | E248: MALTODEXTRIN, MALTRIN M100, NO N-CFR | F248: EA | G248: 40 | H248: 1000 | I248: 303 | J248: 2 | K248: =VLOOKUP(A248,[1]Sheet1!$A$2:$C$284,3,FALSE) -> 4000 | L248: =VLOOKUP(A248,[2]Sheet1!$A$115:$F$749,6,FALSE) -> 3500 | M248: =(G248*K248)/H248 -> 160 | N248: =(L248*G248)/H248 -> 140
A249: 057102001 | B249: PROTONE SG 4 X 1 KG | C249: 72910 | D249: KG | E249: AEROSOL OT-B SODIUM DIOCTYL | F249: EA | G249: 10 | H249: 1000 | I249: 300 | J249: 2 | K249: =VLOOKUP(A249,[1]Sheet1!$A$2:$C$284,3,FALSE) -> 4000 | L249: =VLOOKUP(A249,[2]Sheet1!$A$115:$F$749,6,FALSE) -> 3500 | M249: =(G249*K249)/H249 -> 40 | N249: =(L249*G249)/H249 -> 35
A250: 057102001 | B250: PROTONE SG 4 X 1 KG | C250: 11694 | D250: KG | E250: ACID, CITRIC, USP, ANHYDROUS, POWDER | F250: EA | G250: 20 | H250: 1000 | I250: 300 | J250: 2 | K250: =VLOOKUP(A250,[1]Sheet1!$A$2:$C$284,3,FALSE) -> 4000 | L250: =VLOOKUP(A250,[2]Sheet1!$A$115:$F$749,6,FALSE) -> 3500 | M250: =(G250*K250)/H250 -> 80 | N250: =(L250*G250)/H250 -> 70
A251: 057102001 | B251: PROTONE SG 4 X 1 KG | C251: 28887 | D251: KG | E251: LACTOSE 25 KG BAG | F251: EA | G251: 709.5 | H251: 1000 | I251: 300 | J251: 2 | K251: =VLOOKUP(A251,[1]Sheet1!$A$2:$C$284,3,FALSE) -> 4000 | L251: =VLOOKUP(A251,[2]Sheet1!$A$115:$F$749,6,FALSE) -> 3500 | M251: =(G251*K251)/H251 -> 2838 | N251: =(L251*G251)/H251 -> 2483.25
A252: 057151701 | B252: PROTONE SL 4 X 2 LT | C252: 57616 | D252: KG | E252: POLYSORBATE 20, NOT NF | F252: EA | G252: 2.038 | H252: 1000 | I252: 300 | J252: 2 | K252: =VLOOKUP(A252,[1]Sheet1!$A$2:$C$284,3,FALSE) -> 0 | L252: =VLOOKUP(A252,[2]Sheet1!$A$115:$F$749,6,FALSE) -> 1150 | M252: =(G252*K252)/H252 -> 0 | N252: =(L252*G252)/H252 -> 2.3437
A253: 057151701 | B253: PROTONE SL 4 X 2 LT | C253: 31432 | D253: KG | E253: POTASSIUM SORBATE | F253: EA | G253: 5.095 | H253: 1000 | I253: 300 | J253: 2 | K253: =VLOOKUP(A253,[1]Sheet1!$A$2:$C$284,3,FALSE) -> 0 | L253: =VLOOKUP(A253,[2]Sheet1!$A$115:$F$749,6,FALSE) -> 1150 | M253: =(G253*K253)/H253 -> 0 | N253: =(L253*G253)/H253 -> 5.85925
... A367: 112922401 | B367: XENTARI, 4 X 1 KG | C367: 36052 | D367: KG | E367: MALTODEXTRIN, MALTRIN M100, NO N-CFR | F367: EA | G367: 134 | H367: 1000 | I367: 303 | J367: 2 | K367: =VLOOKUP(A367,[1]Sheet1!$A$2:$C$284,3,FALSE) -> 20160 | L367: =VLOOKUP(A367,[2]Sheet1!$A$115:$F$749,6,FALSE) -> 25000 | M367: =(G367*K367)/H367 -> 2701.44 | N367: =(L367*G367)/H367 -> 3350
A368: 112922402 | B368: Florbac 24 X 500 GM | C368: 57616 | D368: KG | E368: POLYSORBATE 20, NOT NF | F368: EA | G368: 7.495 | H368: 1000 | I368: 300 | J368: 2 | K368: 0 | L368: =VLOOKUP(A368,[2]Sheet1!$A$115:$F$749,6,FALSE) -> 0 | M368: =(G368*K368)/H368 -> 0 | N368: =(L368*G368)/H368 -> 0
A369: 112922402 | B369: Florbac 24 X 500 GM | C369: 15633 | D369: KG | E369: LIGNOSULFONATE CALCIUM (NORLIG 11 DA) | F369: EA | G369: 37.5 | H369: 1000 | I369: 300 | J369: 2 | K369: 0 | L369: =VLOOKUP(A369,[2]Sheet1!$A$115:$F$749,6,FALSE) -> 0 | M369: =(G369*K369)/H369 -> 0 | N369: =(L369*G369)/H369 -> 0
A370: 112922402 | B370: Florbac 24 X 500 GM | C370: 18105 | D370: KG | E370: SODIUM SULFATE | F370: EA | G370: 117.5 | H370: 1000 | I370: 303 | J370: 3 | K370: 0 | L370: =VLOOKUP(A370,[2]Sheet1!$A$115:$F$749,6,FALSE) -> 0 | M370: =(G370*K370)/H370 -> 0 | N370: =(L370*G370)/H370 -> 0
A371: 112922402 | B371: Florbac 24 X 500 GM | C371: 41604 | D371: KG | E371: LECITHIN,NON-GMO CERTIFIED | F371: EA | G371: 5.005 | H371: 1000 | I371: 303 | J371: 2 | K371: 0 | L371: =VLOOKUP(A371,[2]Sheet1!$A$115:$F$749,6,FALSE) -> 0 | M371: =(G371*K371)/H371 -> 0 | N371: =(L371*G371)/H371 -> 0
A372: 112922402 | B372: Florbac 24 X 500 GM | C372: 77425 | D372: KG | E372: SIPERNAT®807A (SODIUM ALUMINOSILICATE) | F372: EA | G372: 0.76 | H372: 1000 | I372: 300 | J372: 5 | K372: 0 | L372: =VLOOKUP(A372,[2]Sheet1!$A$115:$F$749,6,FALSE) -> 0 | M372: =(G372*K372)/H372 -> 0 | N372: =(L372*G372)/H372 -> 0
A373: 112922402 | B373: Florbac 24 X 500 GM | C373: 36052 | D373: KG | E373: MALTODEXTRIN, MALTRIN M100, NO N-CFR | F373: EA | G373: 67 | H373: 1000 | I373: 303 | J373: 2 | K373: 0 | L373: =VLOOKUP(A373,[2]Sheet1!$A$115:$F$749,6,FALSE) -> 0 | M373: =(G373*K373)/H373 -> 0 | N373: =(L373*G373)/H373 -> 0
A374: 112922501 | B374: XENTARI WG 12 X 0.5 KG | C374: 57616 | D374: KG | E374: POLYSORBATE 20, NOT NF | F374: EA | G374: 7.495 | H374: 1000 | I374: 300 | J374: 2 | K374: =VLOOKUP(A374,[1]Sheet1!$A$2:$C$284,3,FALSE) -> 0 | L374: =VLOOKUP(A374,[2]Sheet1!$A$115:$F$749,6,FALSE) -> 14720 | M374: =(G374*K374)/H374 -> 0 | N374: =(L374*G374)/H374 -> 110.3264
A375: 112922501 | B375: XENTARI WG 12 X 0.5 KG | C375: 15633 | D375: KG | E375: LIGNOSULFONATE CALCIUM (NORLIG 11 DA) | F375: EA | G375: 37.5 | H375: 1000 | I375: 300 | J375: 2 | K375: =VLOOKUP(A375,[1]Sheet1!$A$2:$C$284,3,FALSE) -> 0 | L375: =VLOOKUP(A375,[2]Sheet1!$A$115:$F$749,6,FALSE) -> 14720 | M375: =(G375*K375)/H375 -> 0 | N375: =(L375*G375)/H375 -> 552
A376: 112922501 | B376: XENTARI WG 12 X 0.5 KG | C376: 18105 | D376: KG | E376: SODIUM SULFATE | F376: EA | G376: 117.5 | H376: 1000 | I376: 303 | J376: 3 | K376: =VLOOKUP(A376,[1]Sheet1!$A$2:$C$284,3,FALSE) -> 0 | L376: =VLOOKUP(A376,[2]Sheet1!$A$115:$F$749,6,FALSE) -> 14720 | M376: =(G376*K376)/H376 -> 0 | N376: =(L376*G376)/H376 -> 1729.6
A377: 112922501 | B377: XENTARI WG 12 X 0.5 KG | C377: 41604 | D377: KG | E377: LECITHIN,NON-GMO CERTIFIED | F377: EA | G377: 5.005 | H377: 1000 | I377: 303 | J377: 2 | K377: =VLOOKUP(A377,[1]Sheet1!$A$2:$C$284,3,FALSE) -> 0 | L377: =VLOOKUP(A377,[2]Sheet1!$A$115:$F$749,6,FALSE) -> 14720 | M377: =(G377*K377)/H377 -> 0 | N377: =(L377*G377)/H377 -> 73.6736
A378: 112922501 | B378: XENTARI WG 12 X 0.5 KG | C378: 77425 | D378: KG | E378: SIPERNAT®807A (SODIUM ALUMINOSILICATE) | F378: EA | G378: 0.76 | H378: 1000 | I378: 300 | J378: 5 | K378: =VLOOKUP(A378,[1]Sheet1!$A$2:$C$284,3,FALSE) -> 0 | L378: =VLOOKUP(A378,[2]Sheet1!$A$115:$F$749,6,FALSE) -> 14720 | M378: =(G378*K378)/H378 -> 0 | N378: =(L378*G378)/H378 -> 11.1872
A379: 112922501 | B379: XENTARI WG 12 X 0.5 KG | C379: 36052 | D379: KG | E379: MALTODEXTRIN, MALTRIN M100, NO N-CFR | F379: EA | G379: 67 | H379: 1000 | I379: 303 | J379: 2 | K379: =VLOOKUP(A379,[1]Sheet1!$A$2:$C$284,3,FALSE) -> 0 | L379: =VLOOKUP(A379,[2]Sheet1!$A$115:$F$749,6,FALSE) -> 14720 | M379: =(G379*K379)/H379 -> 0 | N379: =(L379*G379)/H379 -> 986.24
A380: 112922502 | B380: FLORBAC 24 X 500 GM | C380: 57616 | D380: KG | E380: POLYSORBATE 20, NOT NF | F380: EA | G380: 7.495 | H380: 1000 | I380: 300 | J380: 2 | K380: =VLOOKUP(A380,[1]Sheet1!$A$2:$C$284,3,FALSE) -> 0 | L380: =VLOOKUP(A380,[2]Sheet1!$A$115:$F$749,6,FALSE) -> 0 | M380: =(G380*K380)/H380 -> 0 | N380: =(L380*G380)/H380 -> 0
A381: 112922502 | B381: FLORBAC 24 X 500 GM | C381: 15633 | D381: KG | E381: LIGNOSULFONATE CALCIUM (NORLIG 11 DA) | F381: EA | G381: 37.5 | H381: 1000 | I381: 300 | J381: 2 | K381: =VLOOKUP(A381,[1]Sheet1!$A$2:$C$284,3,FALSE) -> 0 | L381: =VLOOKUP(A381,[2]Sheet1!$A$115:$F$749,6,FALSE) -> 0 | M381: =(G381*K381)/H381 -> 0 | N381: =(L381*G381)/H381 -> 0
...

Sheet REACH Required
A1: Material | B1: Description | C1: FY21 Usage | D1: FY22 Fcst
A2: 21796 | B2: CORN COB GRANULES (5/8) HIGH BULK | C2: 182424.47 | D2: 48780.324
A3: 36052 | B3: MALTODEXTRIN, MALTRIN M100, NO N-CFR | C3: 121452.47 | D3: 115592.17
A4: 11907 | B4: PROPYLENE GLYCOL, BULK | C4: 107385.96 | D4: 4112290.4
A5: 18105 | B5: SODIUM SULFATE | C5: 86783.418 | D5: 86533.337
A6: 21795 | B6: CORN COB,10/14,Green Products | C6: 68117.53 | D6: 43188.6
A7: 55255 | B7: SODIUM LIGNOSULFON ULTRAZINE NA,NON-CFR | C7: 35675.314 | D7: 32441.388
A8: 68185 | B8: SORBITOL SOL70% NON-USP, NON-CFR | C8: 33866.355 | D8: 22065.228
A9: 50102 | B9: OIL, CORN (NOT NF) | C9: 24355.518 | D9: 10201.849
A10: 28887 | B10: LACTOSE 25 KG BAG | C10: 20796.175 | D10: 26666.424
A11: 57338 | B11: POLYOXYALKYLENE GLYCOL MACOL 16 NON-CFR | C11: 16974.869 | D11: 13010.986
A12: 51375 | B12: SPRAY OIL 10 | C12: 14926.999 | D12: 13048.601
A13: 57616 | B13: POLYSORBATE 20, NOT NF | C13: 12538.556 | D13: 12066.518
... A60: 70289 | B60: SURFACTANT, SURFYNOL - 485, NO N-CFR | C60: 0 | D60: 0
